-- phpMyAdmin SQL Dump
-- version 5.2.0
-- https://www.phpmyadmin.net/
--
-- Servidor: localhost:3306
-- Tiempo de generación: 01-01-2023 a las 03:32:48
-- Versión del servidor: 8.0.30
-- Versión de PHP: 8.1.10

SET SQL_MODE = "NO_AUTO_VALUE_ON_ZERO";
START TRANSACTION;
SET time_zone = "+00:00";


/*!40101 SET @OLD_CHARACTER_SET_CLIENT=@@CHARACTER_SET_CLIENT */;
/*!40101 SET @OLD_CHARACTER_SET_RESULTS=@@CHARACTER_SET_RESULTS */;
/*!40101 SET @OLD_COLLATION_CONNECTION=@@COLLATION_CONNECTION */;
/*!40101 SET NAMES utf8mb4 */;

--
-- Base de datos: `veana_testmonitor`
--

--DELIMITER $$
--
-- Procedimientos
--




--DELIMITER ;

-- --------------------------------------------------------

--
-- Estructura de tabla para la tabla `dams`
--

CREATE TABLE `dams` (
  `id` bigint UNSIGNED NOT NULL,
  `created_at` timestamp NULL DEFAULT NULL,
  `updated_at` timestamp NULL DEFAULT NULL
) ENGINE=InnoDB DEFAULT CHARSET=utf8mb3 COLLATE=utf8mb3_unicode_ci;

-- --------------------------------------------------------

--
-- Estructura de tabla para la tabla `devoluciones`
--

CREATE TABLE `devoluciones` (
  `id` bigint UNSIGNED NOT NULL,
  `id_tienda` bigint UNSIGNED NOT NULL,
  `documento_sap` int UNSIGNED NOT NULL,
  `fecha` datetime NOT NULL,
  `archivo` varchar(255) CHARACTER SET utf8mb3 COLLATE utf8mb3_unicode_ci NOT NULL,
  `created_at` timestamp NULL DEFAULT NULL,
  `updated_at` timestamp NULL DEFAULT NULL
) ENGINE=InnoDB DEFAULT CHARSET=utf8mb3 COLLATE=utf8mb3_unicode_ci;

--
-- Volcado de datos para la tabla `devoluciones`
--

INSERT INTO `devoluciones` (`id`, `id_tienda`, `documento_sap`, `fecha`, `archivo`, `created_at`, `updated_at`) VALUES
(101, 59, 929389, '2022-09-27 00:00:00', 'O_DEV_098_929389_20220927.txt', '2022-09-27 16:14:24', '2022-09-27 16:14:24'),
(145, 21, 929735, '2022-09-27 00:00:00', 'O_DEV_030_929735_20220927.txt', '2022-09-27 22:48:00', '2022-09-27 22:48:00'),
(163, 21, 929735, '2022-09-27 00:00:00', 'O_DEV_030_929735_20220927.txt', '2022-09-27 23:21:18', '2022-09-27 23:21:18'),
(188, 11, 958383, '2022-11-10 00:00:00', 'O_DEV_015_958383_20221110.txt', '2022-11-10 16:47:48', '2022-11-10 16:47:48'),
(189, 36, 958367, '2022-11-04 00:00:00', 'O_DEV_057_958367_20221104.txt', '2022-11-10 16:51:05', '2022-11-10 16:51:05'),
(190, 43, 956896, '2022-11-08 00:00:00', 'O_DEV_071_956896_20221108.txt', '2022-11-10 16:51:22', '2022-11-10 16:51:22');

-- --------------------------------------------------------

--
-- Estructura de tabla para la tabla `embarquemateriales`
--

CREATE TABLE `embarquemateriales` (
  `id` bigint UNSIGNED NOT NULL,
  `id_tienda` bigint UNSIGNED NOT NULL,
  `fecha` datetime NOT NULL,
  `archivo` varchar(255) CHARACTER SET utf8mb3 COLLATE utf8mb3_unicode_ci NOT NULL,
  `created_at` timestamp NULL DEFAULT NULL,
  `updated_at` timestamp NULL DEFAULT NULL
) ENGINE=InnoDB DEFAULT CHARSET=utf8mb3 COLLATE=utf8mb3_unicode_ci;

--
-- Volcado de datos para la tabla `embarquemateriales`
--

INSERT INTO `embarquemateriales` (`id`, `id_tienda`, `fecha`, `archivo`, `created_at`, `updated_at`) VALUES
(1, 4, '2022-11-09 00:00:00', 'O_STR_005_RM2022110900011_20221109.txt', '2022-11-10 16:46:30', '2022-11-10 16:46:30'),
(2, 7, '2022-11-09 00:00:00', 'O_STR_008_RM2022110900015_20221109.txt', '2022-11-10 16:46:52', '2022-11-10 16:46:52'),
(3, 9, '2022-11-09 00:00:00', 'O_STR_011_RM2022110900014_20221109.txt', '2022-11-10 16:47:26', '2022-11-10 16:47:26'),
(4, 12, '2022-11-04 19:22:00', 'O_STR_016_RM0411221926016_20221104.txt', '2022-11-10 16:47:55', '2022-11-10 16:47:55'),
(5, 50, '2022-11-04 16:22:00', 'O_STR_080_RM0411221640080_20221104.txt', '2022-11-10 16:50:59', '2022-11-10 16:50:59'),
(6, 50, '2022-11-04 18:22:00', 'O_STR_080_RM0411221822080_20221104.txt', '2022-11-10 16:50:59', '2022-11-10 16:50:59'),
(7, 60, '2022-11-09 00:00:00', 'O_STR_099_RM2022110900003_20221109.txt', '2022-11-10 16:51:00', '2022-11-10 16:51:00'),
(8, 36, '2022-11-09 00:00:00', 'O_STR_057_RM2022110900013_20221109.txt', '2022-11-10 16:51:06', '2022-11-10 16:51:06'),
(9, 40, '2022-10-24 17:22:00', 'O_STR_067_RM2410221714067_20221024.txt', '2022-11-10 16:51:13', '2022-11-10 16:51:13'),
(10, 47, '2022-11-09 00:00:00', 'O_STR_077_RM2022110900001_20221109.txt', '2022-11-10 16:51:28', '2022-11-10 16:51:28'),
(11, 48, '2022-11-09 00:00:00', 'O_STR_078_RM2022110900010_20221109.txt', '2022-11-10 16:51:28', '2022-11-10 16:51:28'),
(12, 54, '2022-10-20 11:22:00', 'O_STR_087_RM2010221137087_20221020.txt', '2022-11-10 16:51:44', '2022-11-10 16:51:44'),
(13, 54, '2022-11-09 00:00:00', 'O_STR_087_RM2022110900002_20221109.txt', '2022-11-10 16:51:44', '2022-11-10 16:51:44'),
(14, 55, '2022-11-07 00:00:00', 'O_STR_089_RM2022110700001_20221107.txt', '2022-11-10 16:51:52', '2022-11-10 16:51:52'),
(15, 33, '2022-10-24 15:22:00', 'O_STR_047_RM2410221532047_20221024.txt', '2022-11-10 16:52:41', '2022-11-10 16:52:41');

-- --------------------------------------------------------

--
-- Estructura de tabla para la tabla `embarquemercancias`
--

CREATE TABLE `embarquemercancias` (
  `id` bigint UNSIGNED NOT NULL,
  `id_tienda` bigint UNSIGNED NOT NULL,
  `tipo` char(2) CHARACTER SET utf8mb3 COLLATE utf8mb3_unicode_ci NOT NULL,
  `consecutivo` int UNSIGNED NOT NULL,
  `fecha` datetime NOT NULL,
  `archivo` varchar(255) CHARACTER SET utf8mb3 COLLATE utf8mb3_unicode_ci NOT NULL,
  `created_at` timestamp NULL DEFAULT NULL,
  `updated_at` timestamp NULL DEFAULT NULL
) ENGINE=InnoDB DEFAULT CHARSET=utf8mb3 COLLATE=utf8mb3_unicode_ci;

--
-- Volcado de datos para la tabla `embarquemercancias`
--

INSERT INTO `embarquemercancias` (`id`, `id_tienda`, `tipo`, `consecutivo`, `fecha`, `archivo`, `created_at`, `updated_at`) VALUES
(1, 7, 'PE', 65, '2022-11-08 00:00:00', 'O_STR_008_PE2022110800065_20221109.txt', '2022-11-10 16:46:52', '2022-11-10 16:46:52'),
(2, 7, 'SR', 26, '2022-11-09 00:00:00', 'O_STR_008_SR2022110900026_20221109.txt', '2022-11-10 16:46:52', '2022-11-10 16:46:52'),
(3, 7, 'SR', 238, '2022-11-08 00:00:00', 'O_STR_008_SR2022110800238_20221109.txt', '2022-11-10 16:46:52', '2022-11-10 16:46:52'),
(4, 7, 'SR', 186, '2022-11-08 00:00:00', 'O_STR_008_SR2022110800186_20221109.txt', '2022-11-10 16:46:52', '2022-11-10 16:46:52'),
(5, 7, 'SR', 153, '2022-11-08 00:00:00', 'O_STR_008_SR2022110800153_20221109.txt', '2022-11-10 16:46:52', '2022-11-10 16:46:52'),
(6, 7, 'SR', 152, '2022-11-08 00:00:00', 'O_STR_008_SR2022110800152_20221109.txt', '2022-11-10 16:46:52', '2022-11-10 16:46:52'),
(7, 7, 'SR', 151, '2022-11-08 00:00:00', 'O_STR_008_SR2022110800151_20221109.txt', '2022-11-10 16:46:52', '2022-11-10 16:46:52'),
(8, 7, 'SR', 137, '2022-11-08 00:00:00', 'O_STR_008_SR2022110800137_20221109.txt', '2022-11-10 16:46:52', '2022-11-10 16:46:52'),
(9, 7, 'SR', 125, '2022-11-08 00:00:00', 'O_STR_008_SR2022110800125_20221109.txt', '2022-11-10 16:46:52', '2022-11-10 16:46:52'),
(10, 7, 'SR', 108, '2022-11-08 00:00:00', 'O_STR_008_SR2022110800108_20221109.txt', '2022-11-10 16:46:52', '2022-11-10 16:46:52'),
(11, 7, 'SR', 107, '2022-11-08 00:00:00', 'O_STR_008_SR2022110800107_20221109.txt', '2022-11-10 16:46:52', '2022-11-10 16:46:52'),
(12, 7, 'SR', 106, '2022-11-08 00:00:00', 'O_STR_008_SR2022110800106_20221109.txt', '2022-11-10 16:46:52', '2022-11-10 16:46:52'),
(13, 7, 'SR', 92, '2022-11-08 00:00:00', 'O_STR_008_SR2022110800092_20221109.txt', '2022-11-10 16:46:52', '2022-11-10 16:46:52'),
(14, 7, 'SR', 73, '2022-11-08 00:00:00', 'O_STR_008_SR2022110800073_20221109.txt', '2022-11-10 16:46:52', '2022-11-10 16:46:52'),
(15, 9, 'SR', 235, '2022-11-08 00:00:00', 'O_STR_011_SR2022110800235_20221109.txt', '2022-11-10 16:47:26', '2022-11-10 16:47:26'),
(16, 9, 'SR', 145, '2022-11-08 00:00:00', 'O_STR_011_SR2022110800145_20221109.txt', '2022-11-10 16:47:26', '2022-11-10 16:47:26'),
(17, 9, 'SR', 119, '2022-11-08 00:00:00', 'O_STR_011_SR2022110800119_20221109.txt', '2022-11-10 16:47:26', '2022-11-10 16:47:26'),
(18, 9, 'SR', 118, '2022-11-08 00:00:00', 'O_STR_011_SR2022110800118_20221109.txt', '2022-11-10 16:47:26', '2022-11-10 16:47:26'),
(19, 9, 'SR', 117, '2022-11-08 00:00:00', 'O_STR_011_SR2022110800117_20221109.txt', '2022-11-10 16:47:26', '2022-11-10 16:47:26'),
(20, 9, 'SR', 112, '2022-11-08 00:00:00', 'O_STR_011_SR2022110800112_20221109.txt', '2022-11-10 16:47:26', '2022-11-10 16:47:26'),
(21, 9, 'SR', 85, '2022-11-08 00:00:00', 'O_STR_011_SR2022110800085_20221109.txt', '2022-11-10 16:47:26', '2022-11-10 16:47:26'),
(22, 9, 'SR', 58, '2022-11-08 00:00:00', 'O_STR_011_SR2022110800058_20221109.txt', '2022-11-10 16:47:26', '2022-11-10 16:47:26'),
(23, 9, 'SR', 57, '2022-11-08 00:00:00', 'O_STR_011_SR2022110800057_20221109.txt', '2022-11-10 16:47:26', '2022-11-10 16:47:26'),
(24, 9, 'SR', 56, '2022-11-08 00:00:00', 'O_STR_011_SR2022110800056_20221109.txt', '2022-11-10 16:47:26', '2022-11-10 16:47:26'),
(25, 9, 'SR', 144, '2022-11-04 00:00:00', 'O_STR_011_SR2022110400144_20221109.txt', '2022-11-10 16:47:26', '2022-11-10 16:47:26'),
(26, 9, 'SR', 143, '2022-11-04 00:00:00', 'O_STR_011_SR2022110400143_20221109.txt', '2022-11-10 16:47:26', '2022-11-10 16:47:26'),
(27, 9, 'SR', 142, '2022-11-04 00:00:00', 'O_STR_011_SR2022110400142_20221109.txt', '2022-11-10 16:47:26', '2022-11-10 16:47:26'),
(28, 9, 'PE', 121, '2022-11-07 00:00:00', 'O_STR_011_PE2022110700121_20221109.txt', '2022-11-10 16:47:26', '2022-11-10 16:47:26'),
(29, 9, 'PE', 62, '2022-11-05 00:00:00', 'O_STR_011_PE2022110500062_20221109.txt', '2022-11-10 16:47:26', '2022-11-10 16:47:26'),
(30, 39, 'TR', 6, '2022-11-04 00:00:00', 'O_STR_065_TR2022110400006_20221104.txt', '2022-11-10 16:50:59', '2022-11-10 16:50:59'),
(31, 39, 'SR', 111, '2022-11-08 00:00:00', 'O_STR_065_SR2022110800111_20221108.txt', '2022-11-10 16:50:59', '2022-11-10 16:50:59'),
(32, 39, 'SR', 36, '2022-11-08 00:00:00', 'O_STR_065_SR2022110800036_20221108.txt', '2022-11-10 16:50:59', '2022-11-10 16:50:59'),
(33, 39, 'SR', 4, '2022-11-08 00:00:00', 'O_STR_065_SR2022110800004_20221108.txt', '2022-11-10 16:50:59', '2022-11-10 16:50:59'),
(34, 39, 'SR', 3, '2022-11-08 00:00:00', 'O_STR_065_SR2022110800003_20221108.txt', '2022-11-10 16:50:59', '2022-11-10 16:50:59'),
(35, 39, 'SR', 36, '2022-11-04 00:00:00', 'O_STR_065_SR2022110400036_20221108.txt', '2022-11-10 16:50:59', '2022-11-10 16:50:59'),
(36, 36, 'SR', 79, '2022-11-07 00:00:00', 'O_STR_057_SR2022110700079_20221108.txt', '2022-11-10 16:51:05', '2022-11-10 16:51:05'),
(37, 36, 'SR', 78, '2022-11-07 00:00:00', 'O_STR_057_SR2022110700078_20221108.txt', '2022-11-10 16:51:05', '2022-11-10 16:51:05'),
(38, 36, 'SR', 77, '2022-11-07 00:00:00', 'O_STR_057_SR2022110700077_20221108.txt', '2022-11-10 16:51:05', '2022-11-10 16:51:05'),
(39, 36, 'SR', 76, '2022-11-07 00:00:00', 'O_STR_057_SR2022110700076_20221108.txt', '2022-11-10 16:51:05', '2022-11-10 16:51:05'),
(40, 36, 'SR', 75, '2022-11-07 00:00:00', 'O_STR_057_SR2022110700075_20221108.txt', '2022-11-10 16:51:05', '2022-11-10 16:51:05'),
(41, 36, 'SR', 18, '2022-11-07 00:00:00', 'O_STR_057_SR2022110700018_20221108.txt', '2022-11-10 16:51:05', '2022-11-10 16:51:05'),
(42, 36, 'SR', 154, '2022-11-04 00:00:00', 'O_STR_057_SR2022110400154_20221108.txt', '2022-11-10 16:51:05', '2022-11-10 16:51:05'),
(43, 36, 'SR', 153, '2022-11-04 00:00:00', 'O_STR_057_SR2022110400153_20221108.txt', '2022-11-10 16:51:05', '2022-11-10 16:51:05'),
(44, 36, 'SR', 150, '2022-11-03 00:00:00', 'O_STR_057_SR2022110300150_20221108.txt', '2022-11-10 16:51:05', '2022-11-10 16:51:05'),
(45, 36, 'SR', 78, '2022-11-03 00:00:00', 'O_STR_057_SR2022110300078_20221103.txt', '2022-11-10 16:51:05', '2022-11-10 16:51:05'),
(46, 36, 'SR', 233, '2022-11-01 00:00:00', 'O_STR_057_SR2022110100233_20221108.txt', '2022-11-10 16:51:05', '2022-11-10 16:51:05'),
(47, 36, 'SR', 232, '2022-11-01 00:00:00', 'O_STR_057_SR2022110100232_20221108.txt', '2022-11-10 16:51:05', '2022-11-10 16:51:05'),
(48, 36, 'SR', 43, '2022-11-01 00:00:00', 'O_STR_057_SR2022110100043_20221108.txt', '2022-11-10 16:51:05', '2022-11-10 16:51:05'),
(49, 36, 'SR', 37, '2022-11-01 00:00:00', 'O_STR_057_SR2022110100037_20221108.txt', '2022-11-10 16:51:05', '2022-11-10 16:51:05'),
(50, 36, 'PE', 53, '2022-11-05 00:00:00', 'O_STR_057_PE2022110500053_20221108.txt', '2022-11-10 16:51:05', '2022-11-10 16:51:05'),
(51, 36, 'SR', 44, '2022-11-01 00:00:00', 'O_STR_057_SR2022110100044_20221103.txt', '2022-11-10 16:51:05', '2022-11-10 16:51:05'),
(52, 36, 'SR', 36, '2022-11-01 00:00:00', 'O_STR_057_SR2022110100036_20221103.txt', '2022-11-10 16:51:05', '2022-11-10 16:51:05'),
(53, 36, 'SR', 33, '2022-11-01 00:00:00', 'O_STR_057_SR2022110100033_20221103.txt', '2022-11-10 16:51:05', '2022-11-10 16:51:05'),
(54, 36, 'SR', 32, '2022-11-01 00:00:00', 'O_STR_057_SR2022110100032_20221103.txt', '2022-11-10 16:51:05', '2022-11-10 16:51:05'),
(55, 36, 'SR', 84, '2022-11-08 00:00:00', 'O_STR_057_SR2022110800084_20221108.txt', '2022-11-10 16:51:05', '2022-11-10 16:51:05'),
(56, 36, 'SR', 239, '2022-11-07 00:00:00', 'O_STR_057_SR2022110700239_20221108.txt', '2022-11-10 16:51:05', '2022-11-10 16:51:05'),
(57, 36, 'SR', 3, '2022-10-31 00:00:00', 'O_STR_057_SR2022103100003_20221103.txt', '2022-11-10 16:51:05', '2022-11-10 16:51:05'),
(58, 36, 'PE', 56, '2022-11-03 00:00:00', 'O_STR_057_PE2022110300056_20221103.txt', '2022-11-10 16:51:05', '2022-11-10 16:51:05'),
(59, 36, 'SR', 210, '2022-11-07 00:00:00', 'O_STR_057_SR2022110700210_20221108.txt', '2022-11-10 16:51:05', '2022-11-10 16:51:05'),
(60, 36, 'SR', 83, '2022-11-07 00:00:00', 'O_STR_057_SR2022110700083_20221108.txt', '2022-11-10 16:51:06', '2022-11-10 16:51:06'),
(61, 36, 'SR', 82, '2022-11-07 00:00:00', 'O_STR_057_SR2022110700082_20221108.txt', '2022-11-10 16:51:06', '2022-11-10 16:51:06'),
(62, 36, 'SR', 81, '2022-11-07 00:00:00', 'O_STR_057_SR2022110700081_20221108.txt', '2022-11-10 16:51:06', '2022-11-10 16:51:06'),
(63, 36, 'SR', 80, '2022-11-07 00:00:00', 'O_STR_057_SR2022110700080_20221108.txt', '2022-11-10 16:51:06', '2022-11-10 16:51:06'),
(64, 40, 'SR', 95, '2022-11-07 00:00:00', 'O_STR_067_SR2022110700095_20221107.txt', '2022-11-10 16:51:13', '2022-11-10 16:51:13'),
(65, 40, 'SR', 44, '2022-11-07 00:00:00', 'O_STR_067_SR2022110700044_20221107.txt', '2022-11-10 16:51:13', '2022-11-10 16:51:13'),
(66, 40, 'SR', 43, '2022-11-07 00:00:00', 'O_STR_067_SR2022110700043_20221107.txt', '2022-11-10 16:51:13', '2022-11-10 16:51:13'),
(67, 40, 'SR', 132, '2022-11-05 00:00:00', 'O_STR_067_SR2022110500132_20221107.txt', '2022-11-10 16:51:13', '2022-11-10 16:51:13'),
(68, 40, 'SR', 111, '2022-11-05 00:00:00', 'O_STR_067_SR2022110500111_20221107.txt', '2022-11-10 16:51:13', '2022-11-10 16:51:13'),
(69, 40, 'SR', 101, '2022-11-05 00:00:00', 'O_STR_067_SR2022110500101_20221107.txt', '2022-11-10 16:51:13', '2022-11-10 16:51:13'),
(70, 40, 'SR', 39, '2022-11-05 00:00:00', 'O_STR_067_SR2022110500039_20221107.txt', '2022-11-10 16:51:14', '2022-11-10 16:51:14'),
(71, 40, 'SR', 38, '2022-11-05 00:00:00', 'O_STR_067_SR2022110500038_20221107.txt', '2022-11-10 16:51:14', '2022-11-10 16:51:14'),
(72, 40, 'SR', 25, '2022-11-04 00:00:00', 'O_STR_067_SR2022110400025_20221107.txt', '2022-11-10 16:51:14', '2022-11-10 16:51:14'),
(73, 40, 'SR', 208, '2022-11-01 00:00:00', 'O_STR_067_SR2022110100208_20221107.txt', '2022-11-10 16:51:14', '2022-11-10 16:51:14'),
(74, 40, 'SR', 14, '2022-11-01 00:00:00', 'O_STR_067_SR2022110100014_20221107.txt', '2022-11-10 16:51:14', '2022-11-10 16:51:14'),
(75, 40, 'SR', 152, '2022-10-29 00:00:00', 'O_STR_067_SR2022102900152_20221107.txt', '2022-11-10 16:51:14', '2022-11-10 16:51:14'),
(76, 40, 'PE', 73, '2022-11-05 00:00:00', 'O_STR_067_PE2022110500073_20221107.txt', '2022-11-10 16:51:14', '2022-11-10 16:51:14'),
(77, 41, 'SR', 55, '2022-10-17 00:00:00', 'O_STR_069_SR2022101700055_20221018.txt', '2022-11-10 16:51:15', '2022-11-10 16:51:15'),
(78, 43, 'PE', 5, '2022-11-09 00:00:00', 'O_STR_071_PE2022110900005_20221110.txt', '2022-11-10 16:51:22', '2022-11-10 16:51:22'),
(79, 44, 'SR', 177, '2022-10-28 00:00:00', 'O_STR_072_SR2022102800177_20221101.txt', '2022-11-10 16:51:23', '2022-11-10 16:51:23'),
(80, 47, 'TR', 9, '2022-11-04 00:00:00', 'O_STR_077_TR2022110400009_20221107.txt', '2022-11-10 16:51:28', '2022-11-10 16:51:28'),
(81, 48, 'SR', 225, '2022-11-04 00:00:00', 'O_STR_078_SR2022110400225_20221108.txt', '2022-11-10 16:51:28', '2022-11-10 16:51:28'),
(82, 48, 'SR', 193, '2022-11-04 00:00:00', 'O_STR_078_SR2022110400193_20221108.txt', '2022-11-10 16:51:28', '2022-11-10 16:51:28'),
(83, 48, 'SR', 79, '2022-11-04 00:00:00', 'O_STR_078_SR2022110400079_20221108.txt', '2022-11-10 16:51:28', '2022-11-10 16:51:28'),
(84, 48, 'SR', 78, '2022-11-04 00:00:00', 'O_STR_078_SR2022110400078_20221108.txt', '2022-11-10 16:51:28', '2022-11-10 16:51:28'),
(85, 48, 'SR', 153, '2022-11-01 00:00:00', 'O_STR_078_SR2022110100153_20221108.txt', '2022-11-10 16:51:28', '2022-11-10 16:51:28'),
(86, 48, 'SR', 145, '2022-11-01 00:00:00', 'O_STR_078_SR2022110100145_20221108.txt', '2022-11-10 16:51:28', '2022-11-10 16:51:28'),
(87, 48, 'SR', 13, '2022-10-29 00:00:00', 'O_STR_078_SR2022102900013_20221108.txt', '2022-11-10 16:51:28', '2022-11-10 16:51:28'),
(88, 49, 'SR', 114, '2022-11-08 00:00:00', 'O_STR_079_SR2022110800114_20221108.txt', '2022-11-10 16:51:32', '2022-11-10 16:51:32'),
(89, 51, 'SR', 156, '2022-11-07 00:00:00', 'O_STR_081_SR2022110700156_20221109.txt', '2022-11-10 16:51:35', '2022-11-10 16:51:35'),
(90, 51, 'SR', 155, '2022-11-07 00:00:00', 'O_STR_081_SR2022110700155_20221109.txt', '2022-11-10 16:51:35', '2022-11-10 16:51:35'),
(91, 51, 'SR', 35, '2022-11-07 00:00:00', 'O_STR_081_SR2022110700035_20221109.txt', '2022-11-10 16:51:35', '2022-11-10 16:51:35'),
(92, 51, 'SR', 73, '2022-11-05 00:00:00', 'O_STR_081_SR2022110500073_20221109.txt', '2022-11-10 16:51:35', '2022-11-10 16:51:35'),
(93, 51, 'SR', 65, '2022-11-05 00:00:00', 'O_STR_081_SR2022110500065_20221109.txt', '2022-11-10 16:51:35', '2022-11-10 16:51:35'),
(94, 51, 'SR', 63, '2022-11-05 00:00:00', 'O_STR_081_SR2022110500063_20221109.txt', '2022-11-10 16:51:35', '2022-11-10 16:51:35'),
(95, 51, 'SR', 15, '2022-11-05 00:00:00', 'O_STR_081_SR2022110500015_20221109.txt', '2022-11-10 16:51:35', '2022-11-10 16:51:35'),
(96, 51, 'SR', 14, '2022-11-05 00:00:00', 'O_STR_081_SR2022110500014_20221109.txt', '2022-11-10 16:51:35', '2022-11-10 16:51:35'),
(97, 51, 'SR', 187, '2022-11-04 00:00:00', 'O_STR_081_SR2022110400187_20221109.txt', '2022-11-10 16:51:35', '2022-11-10 16:51:35'),
(98, 51, 'SR', 194, '2022-11-01 00:00:00', 'O_STR_081_SR2022110100194_20221109.txt', '2022-11-10 16:51:35', '2022-11-10 16:51:35'),
(99, 51, 'SR', 181, '2022-11-01 00:00:00', 'O_STR_081_SR2022110100181_20221109.txt', '2022-11-10 16:51:35', '2022-11-10 16:51:35'),
(100, 53, 'SR', 86, '2022-11-09 00:00:00', 'O_STR_084_SR2022110900086_20221109.txt', '2022-11-10 16:51:41', '2022-11-10 16:51:41'),
(101, 53, 'SR', 85, '2022-11-09 00:00:00', 'O_STR_084_SR2022110900085_20221109.txt', '2022-11-10 16:51:41', '2022-11-10 16:51:41'),
(102, 53, 'SR', 240, '2022-11-08 00:00:00', 'O_STR_084_SR2022110800240_20221109.txt', '2022-11-10 16:51:41', '2022-11-10 16:51:41'),
(103, 53, 'SR', 201, '2022-11-08 00:00:00', 'O_STR_084_SR2022110800201_20221109.txt', '2022-11-10 16:51:41', '2022-11-10 16:51:41'),
(104, 53, 'SR', 195, '2022-11-08 00:00:00', 'O_STR_084_SR2022110800195_20221109.txt', '2022-11-10 16:51:41', '2022-11-10 16:51:41'),
(105, 53, 'SR', 79, '2022-11-08 00:00:00', 'O_STR_084_SR2022110800079_20221109.txt', '2022-11-10 16:51:41', '2022-11-10 16:51:41'),
(106, 53, 'SR', 170, '2022-11-07 00:00:00', 'O_STR_084_SR2022110700170_20221109.txt', '2022-11-10 16:51:41', '2022-11-10 16:51:41'),
(107, 53, 'SR', 154, '2022-11-07 00:00:00', 'O_STR_084_SR2022110700154_20221109.txt', '2022-11-10 16:51:41', '2022-11-10 16:51:41'),
(108, 53, 'SR', 12, '2022-11-07 00:00:00', 'O_STR_084_SR2022110700012_20221109.txt', '2022-11-10 16:51:41', '2022-11-10 16:51:41'),
(109, 53, 'SR', 11, '2022-11-07 00:00:00', 'O_STR_084_SR2022110700011_20221109.txt', '2022-11-10 16:51:41', '2022-11-10 16:51:41'),
(110, 53, 'SR', 115, '2022-11-05 00:00:00', 'O_STR_084_SR2022110500115_20221109.txt', '2022-11-10 16:51:41', '2022-11-10 16:51:41'),
(111, 53, 'SR', 114, '2022-11-05 00:00:00', 'O_STR_084_SR2022110500114_20221109.txt', '2022-11-10 16:51:41', '2022-11-10 16:51:41'),
(112, 53, 'SR', 35, '2022-11-05 00:00:00', 'O_STR_084_SR2022110500035_20221109.txt', '2022-11-10 16:51:41', '2022-11-10 16:51:41'),
(113, 53, 'SR', 34, '2022-11-05 00:00:00', 'O_STR_084_SR2022110500034_20221109.txt', '2022-11-10 16:51:41', '2022-11-10 16:51:41'),
(114, 53, 'SR', 33, '2022-11-05 00:00:00', 'O_STR_084_SR2022110500033_20221109.txt', '2022-11-10 16:51:41', '2022-11-10 16:51:41'),
(115, 53, 'SR', 29, '2022-11-05 00:00:00', 'O_STR_084_SR2022110500029_20221109.txt', '2022-11-10 16:51:41', '2022-11-10 16:51:41'),
(116, 53, 'SR', 158, '2022-11-04 00:00:00', 'O_STR_084_SR2022110400158_20221109.txt', '2022-11-10 16:51:41', '2022-11-10 16:51:41'),
(117, 53, 'SR', 181, '2022-11-03 00:00:00', 'O_STR_084_SR2022110300181_20221109.txt', '2022-11-10 16:51:41', '2022-11-10 16:51:41'),
(118, 53, 'SR', 90, '2022-11-03 00:00:00', 'O_STR_084_SR2022110300090_20221109.txt', '2022-11-10 16:51:41', '2022-11-10 16:51:41'),
(119, 53, 'SR', 38, '2022-11-03 00:00:00', 'O_STR_084_SR2022110300038_20221109.txt', '2022-11-10 16:51:41', '2022-11-10 16:51:41'),
(120, 53, 'PE', 77, '2022-11-08 00:00:00', 'O_STR_084_PE2022110800077_20221109.txt', '2022-11-10 16:51:41', '2022-11-10 16:51:41'),
(121, 53, 'PE', 82, '2022-11-07 00:00:00', 'O_STR_084_PE2022110700082_20221109.txt', '2022-11-10 16:51:41', '2022-11-10 16:51:41'),
(122, 53, 'PE', 83, '2022-11-04 00:00:00', 'O_STR_084_PE2022110400083_20221109.txt', '2022-11-10 16:51:41', '2022-11-10 16:51:41'),
(123, 17, 'SR', 4, '2022-11-07 00:00:00', 'O_STR_026_SR2022110700004_20221107.txt', '2022-11-10 16:51:50', '2022-11-10 16:51:50'),
(124, 17, 'SR', 123, '2022-11-05 00:00:00', 'O_STR_026_SR2022110500123_20221107.txt', '2022-11-10 16:51:50', '2022-11-10 16:51:50'),
(125, 17, 'SR', 122, '2022-11-05 00:00:00', 'O_STR_026_SR2022110500122_20221107.txt', '2022-11-10 16:51:50', '2022-11-10 16:51:50'),
(126, 17, 'SR', 121, '2022-11-05 00:00:00', 'O_STR_026_SR2022110500121_20221107.txt', '2022-11-10 16:51:50', '2022-11-10 16:51:50'),
(127, 17, 'SR', 75, '2022-11-05 00:00:00', 'O_STR_026_SR2022110500075_20221107.txt', '2022-11-10 16:51:50', '2022-11-10 16:51:50'),
(128, 17, 'SR', 74, '2022-11-05 00:00:00', 'O_STR_026_SR2022110500074_20221107.txt', '2022-11-10 16:51:50', '2022-11-10 16:51:50'),
(129, 17, 'SR', 25, '2022-11-05 00:00:00', 'O_STR_026_SR2022110500025_20221107.txt', '2022-11-10 16:51:50', '2022-11-10 16:51:50'),
(130, 17, 'SR', 45, '2022-11-04 00:00:00', 'O_STR_026_SR2022110400045_20221107.txt', '2022-11-10 16:51:50', '2022-11-10 16:51:50'),
(131, 17, 'SR', 68, '2022-11-03 00:00:00', 'O_STR_026_SR2022110300068_20221107.txt', '2022-11-10 16:51:50', '2022-11-10 16:51:50'),
(132, 17, 'SR', 223, '2022-11-01 00:00:00', 'O_STR_026_SR2022110100223_20221107.txt', '2022-11-10 16:51:50', '2022-11-10 16:51:50'),
(133, 17, 'SR', 222, '2022-11-01 00:00:00', 'O_STR_026_SR2022110100222_20221107.txt', '2022-11-10 16:51:50', '2022-11-10 16:51:50'),
(134, 17, 'PE', 59, '2022-11-05 00:00:00', 'O_STR_026_PE2022110500059_20221107.txt', '2022-11-10 16:51:50', '2022-11-10 16:51:50'),
(135, 17, 'SR', 76, '2022-11-08 00:00:00', 'O_STR_026_SR2022110800076_20221109.txt', '2022-11-10 16:51:50', '2022-11-10 16:51:50'),
(136, 17, 'SR', 43, '2022-11-08 00:00:00', 'O_STR_026_SR2022110800043_20221109.txt', '2022-11-10 16:51:50', '2022-11-10 16:51:50'),
(137, 17, 'SR', 235, '2022-11-07 00:00:00', 'O_STR_026_SR2022110700235_20221109.txt', '2022-11-10 16:51:50', '2022-11-10 16:51:50'),
(138, 17, 'SR', 234, '2022-11-07 00:00:00', 'O_STR_026_SR2022110700234_20221109.txt', '2022-11-10 16:51:50', '2022-11-10 16:51:50'),
(139, 17, 'SR', 136, '2022-11-07 00:00:00', 'O_STR_026_SR2022110700136_20221109.txt', '2022-11-10 16:51:50', '2022-11-10 16:51:50'),
(140, 17, 'SR', 9, '2022-11-07 00:00:00', 'O_STR_026_SR2022110700009_20221109.txt', '2022-11-10 16:51:50', '2022-11-10 16:51:50'),
(141, 17, 'SR', 7, '2022-11-07 00:00:00', 'O_STR_026_SR2022110700007_20221109.txt', '2022-11-10 16:51:50', '2022-11-10 16:51:50'),
(142, 17, 'SR', 6, '2022-11-07 00:00:00', 'O_STR_026_SR2022110700006_20221109.txt', '2022-11-10 16:51:50', '2022-11-10 16:51:50'),
(143, 17, 'SR', 3, '2022-11-07 00:00:00', 'O_STR_026_SR2022110700003_20221109.txt', '2022-11-10 16:51:50', '2022-11-10 16:51:50'),
(144, 17, 'SR', 2, '2022-11-07 00:00:00', 'O_STR_026_SR2022110700002_20221109.txt', '2022-11-10 16:51:50', '2022-11-10 16:51:50'),
(145, 17, 'SR', 1, '2022-11-07 00:00:00', 'O_STR_026_SR2022110700001_20221109.txt', '2022-11-10 16:51:50', '2022-11-10 16:51:50'),
(146, 17, 'SR', 166, '2022-11-04 00:00:00', 'O_STR_026_SR2022110400166_20221109.txt', '2022-11-10 16:51:50', '2022-11-10 16:51:50'),
(147, 18, 'SR', 162, '2022-11-08 00:00:00', 'O_STR_027_SR2022110800162_20221109.txt', '2022-11-10 16:52:01', '2022-11-10 16:52:01'),
(148, 18, 'SR', 195, '2022-11-07 00:00:00', 'O_STR_027_SR2022110700195_20221109.txt', '2022-11-10 16:52:01', '2022-11-10 16:52:01'),
(149, 20, 'SR', 146, '2022-11-08 00:00:00', 'O_STR_029_SR2022110800146_20221109.txt', '2022-11-10 16:52:06', '2022-11-10 16:52:06'),
(150, 20, 'SR', 136, '2022-11-08 00:00:00', 'O_STR_029_SR2022110800136_20221109.txt', '2022-11-10 16:52:06', '2022-11-10 16:52:06'),
(151, 20, 'SR', 65, '2022-11-08 00:00:00', 'O_STR_029_SR2022110800065_20221109.txt', '2022-11-10 16:52:06', '2022-11-10 16:52:06'),
(152, 20, 'SR', 20, '2022-11-08 00:00:00', 'O_STR_029_SR2022110800020_20221109.txt', '2022-11-10 16:52:06', '2022-11-10 16:52:06'),
(153, 20, 'SR', 14, '2022-11-08 00:00:00', 'O_STR_029_SR2022110800014_20221109.txt', '2022-11-10 16:52:06', '2022-11-10 16:52:06'),
(154, 20, 'SR', 5, '2022-11-08 00:00:00', 'O_STR_029_SR2022110800005_20221109.txt', '2022-11-10 16:52:06', '2022-11-10 16:52:06'),
(155, 20, 'SR', 172, '2022-11-04 00:00:00', 'O_STR_029_SR2022110400172_20221109.txt', '2022-11-10 16:52:06', '2022-11-10 16:52:06'),
(156, 20, 'PE', 57, '2022-11-04 00:00:00', 'O_STR_029_PE2022110400057_20221109.txt', '2022-11-10 16:52:06', '2022-11-10 16:52:06'),
(157, 22, 'SR', 208, '2022-11-07 00:00:00', 'O_STR_031_SR2022110700208_20221108.txt', '2022-11-10 16:52:08', '2022-11-10 16:52:08'),
(158, 22, 'SR', 155, '2022-11-01 00:00:00', 'O_STR_031_SR2022110100155_20221104.txt', '2022-11-10 16:52:08', '2022-11-10 16:52:08'),
(159, 25, 'SR', 30, '2022-11-07 00:00:00', 'O_STR_034_SR2022110700030_20221107.txt', '2022-11-10 16:52:15', '2022-11-10 16:52:15'),
(160, 25, 'SR', 123, '2022-11-08 00:00:00', 'O_STR_034_SR2022110800123_20221109.txt', '2022-11-10 16:52:15', '2022-11-10 16:52:15'),
(161, 25, 'SR', 141, '2022-11-05 00:00:00', 'O_STR_034_SR2022110500141_20221107.txt', '2022-11-10 16:52:15', '2022-11-10 16:52:15'),
(162, 25, 'SR', 30, '2022-11-08 00:00:00', 'O_STR_034_SR2022110800030_20221109.txt', '2022-11-10 16:52:15', '2022-11-10 16:52:15'),
(163, 25, 'SR', 9, '2022-11-08 00:00:00', 'O_STR_034_SR2022110800009_20221109.txt', '2022-11-10 16:52:15', '2022-11-10 16:52:15'),
(164, 25, 'SR', 62, '2022-11-05 00:00:00', 'O_STR_034_SR2022110500062_20221107.txt', '2022-11-10 16:52:15', '2022-11-10 16:52:15'),
(165, 25, 'SR', 10, '2022-11-05 00:00:00', 'O_STR_034_SR2022110500010_20221107.txt', '2022-11-10 16:52:15', '2022-11-10 16:52:15'),
(166, 25, 'SR', 9, '2022-11-05 00:00:00', 'O_STR_034_SR2022110500009_20221107.txt', '2022-11-10 16:52:15', '2022-11-10 16:52:15'),
(167, 25, 'SR', 8, '2022-11-08 00:00:00', 'O_STR_034_SR2022110800008_20221109.txt', '2022-11-10 16:52:15', '2022-11-10 16:52:15'),
(168, 25, 'SR', 32, '2022-11-07 00:00:00', 'O_STR_034_SR2022110700032_20221109.txt', '2022-11-10 16:52:15', '2022-11-10 16:52:15'),
(169, 25, 'SR', 31, '2022-11-07 00:00:00', 'O_STR_034_SR2022110700031_20221109.txt', '2022-11-10 16:52:15', '2022-11-10 16:52:15'),
(170, 25, 'SR', 140, '2022-11-05 00:00:00', 'O_STR_034_SR2022110500140_20221109.txt', '2022-11-10 16:52:15', '2022-11-10 16:52:15'),
(171, 25, 'SR', 8, '2022-11-05 00:00:00', 'O_STR_034_SR2022110500008_20221107.txt', '2022-11-10 16:52:15', '2022-11-10 16:52:15'),
(172, 25, 'SR', 7, '2022-11-05 00:00:00', 'O_STR_034_SR2022110500007_20221107.txt', '2022-11-10 16:52:15', '2022-11-10 16:52:15'),
(173, 25, 'SR', 6, '2022-11-05 00:00:00', 'O_STR_034_SR2022110500006_20221107.txt', '2022-11-10 16:52:15', '2022-11-10 16:52:15'),
(174, 25, 'SR', 5, '2022-11-05 00:00:00', 'O_STR_034_SR2022110500005_20221107.txt', '2022-11-10 16:52:15', '2022-11-10 16:52:15'),
(175, 25, 'SR', 4, '2022-11-05 00:00:00', 'O_STR_034_SR2022110500004_20221107.txt', '2022-11-10 16:52:15', '2022-11-10 16:52:15'),
(176, 25, 'SR', 3, '2022-11-05 00:00:00', 'O_STR_034_SR2022110500003_20221107.txt', '2022-11-10 16:52:15', '2022-11-10 16:52:15'),
(177, 25, 'SR', 2, '2022-11-05 00:00:00', 'O_STR_034_SR2022110500002_20221107.txt', '2022-11-10 16:52:15', '2022-11-10 16:52:15'),
(178, 25, 'SR', 1, '2022-11-05 00:00:00', 'O_STR_034_SR2022110500001_20221107.txt', '2022-11-10 16:52:15', '2022-11-10 16:52:15'),
(179, 25, 'SR', 122, '2022-11-04 00:00:00', 'O_STR_034_SR2022110400122_20221107.txt', '2022-11-10 16:52:15', '2022-11-10 16:52:15'),
(180, 25, 'SR', 121, '2022-11-04 00:00:00', 'O_STR_034_SR2022110400121_20221107.txt', '2022-11-10 16:52:15', '2022-11-10 16:52:15'),
(181, 25, 'SR', 132, '2022-11-03 00:00:00', 'O_STR_034_SR2022110300132_20221107.txt', '2022-11-10 16:52:15', '2022-11-10 16:52:15'),
(182, 25, 'PE', 55, '2022-11-07 00:00:00', 'O_STR_034_PE2022110700055_20221107.txt', '2022-11-10 16:52:15', '2022-11-10 16:52:15'),
(183, 25, 'PE', 19, '2022-11-08 00:00:00', 'O_STR_034_PE2022110800019_20221109.txt', '2022-11-10 16:52:15', '2022-11-10 16:52:15'),
(184, 25, 'PE', 129, '2022-11-07 00:00:00', 'O_STR_034_PE2022110700129_20221109.txt', '2022-11-10 16:52:15', '2022-11-10 16:52:15'),
(185, 25, 'PE', 72, '2022-11-07 00:00:00', 'O_STR_034_PE2022110700072_20221109.txt', '2022-11-10 16:52:15', '2022-11-10 16:52:15'),
(186, 25, 'PE', 69, '2022-11-07 00:00:00', 'O_STR_034_PE2022110700069_20221109.txt', '2022-11-10 16:52:15', '2022-11-10 16:52:15'),
(187, 28, 'TR', 10, '2022-11-04 00:00:00', 'O_STR_037_TR2022110400010_20221107.txt', '2022-11-10 16:52:26', '2022-11-10 16:52:26'),
(188, 31, 'SR', 132, '2022-11-08 00:00:00', 'O_STR_042_SR2022110800132_20221109.txt', '2022-11-10 16:52:36', '2022-11-10 16:52:36'),
(189, 31, 'SR', 72, '2022-11-08 00:00:00', 'O_STR_042_SR2022110800072_20221109.txt', '2022-11-10 16:52:36', '2022-11-10 16:52:36'),
(190, 31, 'SR', 71, '2022-11-08 00:00:00', 'O_STR_042_SR2022110800071_20221109.txt', '2022-11-10 16:52:36', '2022-11-10 16:52:36'),
(191, 31, 'SR', 70, '2022-11-08 00:00:00', 'O_STR_042_SR2022110800070_20221109.txt', '2022-11-10 16:52:36', '2022-11-10 16:52:36'),
(192, 31, 'SR', 45, '2022-11-08 00:00:00', 'O_STR_042_SR2022110800045_20221109.txt', '2022-11-10 16:52:36', '2022-11-10 16:52:36'),
(193, 31, 'SR', 40, '2022-11-08 00:00:00', 'O_STR_042_SR2022110800040_20221109.txt', '2022-11-10 16:52:36', '2022-11-10 16:52:36'),
(194, 31, 'SR', 183, '2022-10-28 00:00:00', 'O_STR_042_SR2022102800183_20221101.txt', '2022-11-10 16:52:36', '2022-11-10 16:52:36'),
(195, 31, 'SR', 226, '2022-11-07 00:00:00', 'O_STR_042_SR2022110700226_20221109.txt', '2022-11-10 16:52:36', '2022-11-10 16:52:36'),
(196, 31, 'SR', 183, '2022-11-07 00:00:00', 'O_STR_042_SR2022110700183_20221109.txt', '2022-11-10 16:52:36', '2022-11-10 16:52:36'),
(197, 31, 'SR', 164, '2022-11-07 00:00:00', 'O_STR_042_SR2022110700164_20221109.txt', '2022-11-10 16:52:36', '2022-11-10 16:52:36'),
(198, 31, 'SR', 163, '2022-11-07 00:00:00', 'O_STR_042_SR2022110700163_20221109.txt', '2022-11-10 16:52:36', '2022-11-10 16:52:36'),
(199, 31, 'SR', 162, '2022-11-07 00:00:00', 'O_STR_042_SR2022110700162_20221109.txt', '2022-11-10 16:52:36', '2022-11-10 16:52:36'),
(200, 31, 'SR', 161, '2022-11-07 00:00:00', 'O_STR_042_SR2022110700161_20221109.txt', '2022-11-10 16:52:36', '2022-11-10 16:52:36'),
(201, 31, 'SR', 130, '2022-11-07 00:00:00', 'O_STR_042_SR2022110700130_20221109.txt', '2022-11-10 16:52:36', '2022-11-10 16:52:36'),
(202, 31, 'SR', 129, '2022-11-07 00:00:00', 'O_STR_042_SR2022110700129_20221109.txt', '2022-11-10 16:52:36', '2022-11-10 16:52:36'),
(203, 31, 'SR', 128, '2022-11-07 00:00:00', 'O_STR_042_SR2022110700128_20221109.txt', '2022-11-10 16:52:36', '2022-11-10 16:52:36'),
(204, 31, 'SR', 84, '2022-11-07 00:00:00', 'O_STR_042_SR2022110700084_20221109.txt', '2022-11-10 16:52:36', '2022-11-10 16:52:36'),
(205, 31, 'SR', 259, '2022-11-04 00:00:00', 'O_STR_042_SR2022110400259_20221109.txt', '2022-11-10 16:52:36', '2022-11-10 16:52:36'),
(206, 31, 'SR', 199, '2022-11-04 00:00:00', 'O_STR_042_SR2022110400199_20221109.txt', '2022-11-10 16:52:36', '2022-11-10 16:52:36'),
(207, 31, 'SR', 10, '2022-11-04 00:00:00', 'O_STR_042_SR2022110400010_20221109.txt', '2022-11-10 16:52:36', '2022-11-10 16:52:36'),
(208, 31, 'SR', 149, '2022-11-03 00:00:00', 'O_STR_042_SR2022110300149_20221109.txt', '2022-11-10 16:52:36', '2022-11-10 16:52:36'),
(209, 31, 'SR', 122, '2022-11-01 00:00:00', 'O_STR_042_SR2022110100122_20221109.txt', '2022-11-10 16:52:36', '2022-11-10 16:52:36'),
(210, 31, 'SR', 74, '2022-11-01 00:00:00', 'O_STR_042_SR2022110100074_20221109.txt', '2022-11-10 16:52:36', '2022-11-10 16:52:36'),
(211, 31, 'SR', 61, '2022-11-01 00:00:00', 'O_STR_042_SR2022110100061_20221109.txt', '2022-11-10 16:52:36', '2022-11-10 16:52:36'),
(212, 31, 'SR', 53, '2022-11-01 00:00:00', 'O_STR_042_SR2022110100053_20221109.txt', '2022-11-10 16:52:36', '2022-11-10 16:52:36'),
(213, 31, 'SR', 170, '2022-10-31 00:00:00', 'O_STR_042_SR2022103100170_20221109.txt', '2022-11-10 16:52:36', '2022-11-10 16:52:36'),
(214, 31, 'SR', 154, '2022-10-28 00:00:00', 'O_STR_042_SR2022102800154_20221109.txt', '2022-11-10 16:52:36', '2022-11-10 16:52:36'),
(215, 31, 'PE', 81, '2022-11-04 00:00:00', 'O_STR_042_PE2022110400081_20221109.txt', '2022-11-10 16:52:36', '2022-11-10 16:52:36'),
(216, 31, 'PE', 63, '2022-11-03 00:00:00', 'O_STR_042_PE2022110300063_20221109.txt', '2022-11-10 16:52:36', '2022-11-10 16:52:36'),
(217, 33, 'PE', 16, '2022-11-08 00:00:00', 'O_STR_047_PE2022110800016_20221109.txt', '2022-11-10 16:52:41', '2022-11-10 16:52:41'),
(218, 33, 'PE', 15, '2022-11-08 00:00:00', 'O_STR_047_PE2022110800015_20221109.txt', '2022-11-10 16:52:41', '2022-11-10 16:52:41'),
(219, 33, 'PE', 4, '2022-11-08 00:00:00', 'O_STR_047_PE2022110800004_20221109.txt', '2022-11-10 16:52:41', '2022-11-10 16:52:41'),
(220, 35, 'SR', 179, '2022-11-04 00:00:00', 'O_STR_054_SR2022110400179_20221108.txt', '2022-11-10 16:53:05', '2022-11-10 16:53:05'),
(221, 24, 'SR', 127, '2022-11-08 00:00:00', 'O_STR_033_SR2022110800127_20221109.txt', '2022-11-10 16:53:07', '2022-11-10 16:53:07'),
(222, 24, 'SR', 116, '2022-11-01 00:00:00', 'O_STR_033_SR2022110100116_20221103.txt', '2022-11-10 16:53:07', '2022-11-10 16:53:07'),
(223, 24, 'SR', 84, '2022-11-01 00:00:00', 'O_STR_033_SR2022110100084_20221103.txt', '2022-11-10 16:53:07', '2022-11-10 16:53:07'),
(224, 24, 'SR', 131, '2022-11-07 00:00:00', 'O_STR_033_SR2022110700131_20221107.txt', '2022-11-10 16:53:07', '2022-11-10 16:53:07'),
(225, 24, 'SR', 81, '2022-11-01 00:00:00', 'O_STR_033_SR2022110100081_20221103.txt', '2022-11-10 16:53:07', '2022-11-10 16:53:07'),
(226, 24, 'SR', 126, '2022-11-08 00:00:00', 'O_STR_033_SR2022110800126_20221109.txt', '2022-11-10 16:53:07', '2022-11-10 16:53:07'),
(227, 24, 'SR', 104, '2022-11-07 00:00:00', 'O_STR_033_SR2022110700104_20221107.txt', '2022-11-10 16:53:07', '2022-11-10 16:53:07'),
(228, 24, 'SR', 101, '2022-11-07 00:00:00', 'O_STR_033_SR2022110700101_20221107.txt', '2022-11-10 16:53:07', '2022-11-10 16:53:07'),
(229, 24, 'SR', 87, '2022-11-07 00:00:00', 'O_STR_033_SR2022110700087_20221107.txt', '2022-11-10 16:53:07', '2022-11-10 16:53:07'),
(230, 24, 'SR', 44, '2022-11-08 00:00:00', 'O_STR_033_SR2022110800044_20221109.txt', '2022-11-10 16:53:07', '2022-11-10 16:53:07'),
(231, 24, 'SR', 238, '2022-11-07 00:00:00', 'O_STR_033_SR2022110700238_20221109.txt', '2022-11-10 16:53:07', '2022-11-10 16:53:07'),
(232, 24, 'SR', 237, '2022-11-07 00:00:00', 'O_STR_033_SR2022110700237_20221109.txt', '2022-11-10 16:53:07', '2022-11-10 16:53:07'),
(233, 24, 'SR', 86, '2022-11-07 00:00:00', 'O_STR_033_SR2022110700086_20221107.txt', '2022-11-10 16:53:07', '2022-11-10 16:53:07'),
(234, 24, 'SR', 85, '2022-11-07 00:00:00', 'O_STR_033_SR2022110700085_20221107.txt', '2022-11-10 16:53:07', '2022-11-10 16:53:07'),
(235, 24, 'SR', 95, '2022-11-05 00:00:00', 'O_STR_033_SR2022110500095_20221107.txt', '2022-11-10 16:53:07', '2022-11-10 16:53:07'),
(236, 24, 'SR', 94, '2022-11-05 00:00:00', 'O_STR_033_SR2022110500094_20221107.txt', '2022-11-10 16:53:07', '2022-11-10 16:53:07'),
(237, 24, 'SR', 93, '2022-11-05 00:00:00', 'O_STR_033_SR2022110500093_20221107.txt', '2022-11-10 16:53:07', '2022-11-10 16:53:07'),
(238, 24, 'SR', 92, '2022-11-05 00:00:00', 'O_STR_033_SR2022110500092_20221107.txt', '2022-11-10 16:53:07', '2022-11-10 16:53:07'),
(239, 24, 'SR', 116, '2022-11-07 00:00:00', 'O_STR_033_SR2022110700116_20221109.txt', '2022-11-10 16:53:07', '2022-11-10 16:53:07'),
(240, 24, 'SR', 115, '2022-11-07 00:00:00', 'O_STR_033_SR2022110700115_20221109.txt', '2022-11-10 16:53:08', '2022-11-10 16:53:08'),
(241, 24, 'SR', 89, '2022-11-07 00:00:00', 'O_STR_033_SR2022110700089_20221109.txt', '2022-11-10 16:53:08', '2022-11-10 16:53:08'),
(242, 24, 'SR', 88, '2022-11-07 00:00:00', 'O_STR_033_SR2022110700088_20221109.txt', '2022-11-10 16:53:08', '2022-11-10 16:53:08'),
(243, 24, 'SR', 71, '2022-11-07 00:00:00', 'O_STR_033_SR2022110700071_20221109.txt', '2022-11-10 16:53:08', '2022-11-10 16:53:08'),
(244, 24, 'SR', 70, '2022-11-07 00:00:00', 'O_STR_033_SR2022110700070_20221109.txt', '2022-11-10 16:53:08', '2022-11-10 16:53:08'),
(245, 24, 'SR', 127, '2022-11-05 00:00:00', 'O_STR_033_SR2022110500127_20221109.txt', '2022-11-10 16:53:08', '2022-11-10 16:53:08'),
(246, 24, 'SR', 115, '2022-11-01 00:00:00', 'O_STR_033_SR2022110100115_20221109.txt', '2022-11-10 16:53:08', '2022-11-10 16:53:08'),
(247, 24, 'SR', 232, '2022-10-31 00:00:00', 'O_STR_033_SR2022103100232_20221109.txt', '2022-11-10 16:53:08', '2022-11-10 16:53:08'),
(248, 24, 'PE', 10, '2022-11-08 00:00:00', 'O_STR_033_PE2022110800010_20221109.txt', '2022-11-10 16:53:08', '2022-11-10 16:53:08'),
(249, 24, 'SR', 76, '2022-11-05 00:00:00', 'O_STR_033_SR2022110500076_20221107.txt', '2022-11-10 16:53:08', '2022-11-10 16:53:08'),
(250, 24, 'SR', 54, '2022-11-05 00:00:00', 'O_STR_033_SR2022110500054_20221107.txt', '2022-11-10 16:53:08', '2022-11-10 16:53:08'),
(251, 24, 'SR', 53, '2022-11-05 00:00:00', 'O_STR_033_SR2022110500053_20221107.txt', '2022-11-10 16:53:08', '2022-11-10 16:53:08'),
(252, 24, 'SR', 52, '2022-11-05 00:00:00', 'O_STR_033_SR2022110500052_20221107.txt', '2022-11-10 16:53:08', '2022-11-10 16:53:08'),
(253, 24, 'SR', 177, '2022-11-04 00:00:00', 'O_STR_033_SR2022110400177_20221107.txt', '2022-11-10 16:53:08', '2022-11-10 16:53:08'),
(254, 24, 'SR', 113, '2022-11-01 00:00:00', 'O_STR_033_SR2022110100113_20221107.txt', '2022-11-10 16:53:08', '2022-11-10 16:53:08'),
(255, 24, 'PE', 9, '2022-11-08 00:00:00', 'O_STR_033_PE2022110800009_20221109.txt', '2022-11-10 16:53:08', '2022-11-10 16:53:08');

-- --------------------------------------------------------

--
-- Estructura de tabla para la tabla `failed_jobs`
--

CREATE TABLE `failed_jobs` (
  `id` bigint UNSIGNED NOT NULL,
  `uuid` varchar(255) CHARACTER SET utf8mb3 COLLATE utf8mb3_unicode_ci NOT NULL,
  `connection` text CHARACTER SET utf8mb3 COLLATE utf8mb3_unicode_ci NOT NULL,
  `queue` text CHARACTER SET utf8mb3 COLLATE utf8mb3_unicode_ci NOT NULL,
  `payload` longtext CHARACTER SET utf8mb3 COLLATE utf8mb3_unicode_ci NOT NULL,
  `exception` longtext CHARACTER SET utf8mb3 COLLATE utf8mb3_unicode_ci NOT NULL,
  `failed_at` timestamp NOT NULL DEFAULT CURRENT_TIMESTAMP
) ENGINE=InnoDB DEFAULT CHARSET=utf8mb3 COLLATE=utf8mb3_unicode_ci;

-- --------------------------------------------------------

--
-- Estructura de tabla para la tabla `migrations`
--

CREATE TABLE `migrations` (
  `id` int UNSIGNED NOT NULL,
  `migration` varchar(255) CHARACTER SET utf8mb3 COLLATE utf8mb3_unicode_ci NOT NULL,
  `batch` int NOT NULL
) ENGINE=InnoDB DEFAULT CHARSET=utf8mb3 COLLATE=utf8mb3_unicode_ci;

--
-- Volcado de datos para la tabla `migrations`
--

INSERT INTO `migrations` (`id`, `migration`, `batch`) VALUES
(15, '2014_10_12_000000_create_users_table', 1),
(16, '2014_10_12_100000_create_password_resets_table', 1),
(17, '2019_08_19_000000_create_failed_jobs_table', 1),
(18, '2019_12_14_000001_create_personal_access_tokens_table', 1),
(19, '2022_09_22_002358_tiendas', 1),
(20, '2022_09_22_003506_embarquemateriales', 1),
(21, '2022_09_22_003533_embarquemercancias', 1),
(22, '2022_09_22_003549_precios', 1),
(23, '2022_09_22_003600_traspasos', 1),
(24, '2022_11_03_193027_preciosdams', 2),
(25, '2022_11_07_131702_preciostiendas', 3),
(26, '2022_09_26_145322_devoluciones', 3),
(27, '2022_12_31_124916_create_personas_table', 3);

-- --------------------------------------------------------

--
-- Estructura de tabla para la tabla `password_resets`
--

CREATE TABLE `password_resets` (
  `email` varchar(255) CHARACTER SET utf8mb3 COLLATE utf8mb3_unicode_ci NOT NULL,
  `token` varchar(255) CHARACTER SET utf8mb3 COLLATE utf8mb3_unicode_ci NOT NULL,
  `created_at` timestamp NULL DEFAULT NULL
) ENGINE=InnoDB DEFAULT CHARSET=utf8mb3 COLLATE=utf8mb3_unicode_ci;

-- --------------------------------------------------------

--
-- Estructura de tabla para la tabla `personal_access_tokens`
--

CREATE TABLE `personal_access_tokens` (
  `id` bigint UNSIGNED NOT NULL,
  `tokenable_type` varchar(255) CHARACTER SET utf8mb3 COLLATE utf8mb3_unicode_ci NOT NULL,
  `tokenable_id` bigint UNSIGNED NOT NULL,
  `name` varchar(255) CHARACTER SET utf8mb3 COLLATE utf8mb3_unicode_ci NOT NULL,
  `token` varchar(64) CHARACTER SET utf8mb3 COLLATE utf8mb3_unicode_ci NOT NULL,
  `abilities` text CHARACTER SET utf8mb3 COLLATE utf8mb3_unicode_ci,
  `last_used_at` timestamp NULL DEFAULT NULL,
  `expires_at` timestamp NULL DEFAULT NULL,
  `created_at` timestamp NULL DEFAULT NULL,
  `updated_at` timestamp NULL DEFAULT NULL
) ENGINE=InnoDB DEFAULT CHARSET=utf8mb3 COLLATE=utf8mb3_unicode_ci;

-- --------------------------------------------------------

--
-- Estructura de tabla para la tabla `personas`
--

CREATE TABLE `personas` (
  `id` bigint UNSIGNED NOT NULL,
  `nombre` varchar(255) COLLATE utf8mb3_unicode_ci NOT NULL,
  `created_at` timestamp NULL DEFAULT NULL,
  `updated_at` timestamp NULL DEFAULT NULL
) ENGINE=InnoDB DEFAULT CHARSET=utf8mb3 COLLATE=utf8mb3_unicode_ci;

-- --------------------------------------------------------

--
-- Estructura de tabla para la tabla `precios`
--

CREATE TABLE `precios` (
  `id` bigint UNSIGNED NOT NULL,
  `id_tienda` bigint UNSIGNED NOT NULL,
  `fecha` datetime NOT NULL,
  `archivo` varchar(255) CHARACTER SET utf8mb3 COLLATE utf8mb3_unicode_ci NOT NULL,
  `created_at` timestamp NULL DEFAULT NULL,
  `updated_at` timestamp NULL DEFAULT NULL
) ENGINE=InnoDB DEFAULT CHARSET=utf8mb3 COLLATE=utf8mb3_unicode_ci;

--
-- Volcado de datos para la tabla `precios`
--

INSERT INTO `precios` (`id`, `id_tienda`, `fecha`, `archivo`, `created_at`, `updated_at`) VALUES
(1, 1, '2022-11-08 17:29:00', 'P0022211081729.txt', '2022-11-10 16:29:50', '2022-11-10 16:29:50'),
(2, 9, '2022-11-08 17:29:00', 'P0112211081729.txt', '2022-11-10 16:47:26', '2022-11-10 16:47:26'),
(3, 12, '2022-11-08 17:29:00', 'P0162211081729.txt', '2022-11-10 16:47:55', '2022-11-10 16:47:55'),
(4, 13, '2022-11-08 17:29:00', 'P0182211081729.txt', '2022-11-10 16:48:04', '2022-11-10 16:48:04'),
(5, 60, '2022-11-08 13:34:00', 'P0992211081334.txt', '2022-11-10 16:51:00', '2022-11-10 16:51:00'),
(6, 36, '2022-11-08 17:29:00', 'P0572211081729.txt', '2022-11-10 16:51:05', '2022-11-10 16:51:05'),
(7, 47, '2022-11-08 18:18:00', 'P0772211081818.txt', '2022-11-10 16:51:28', '2022-11-10 16:51:28'),
(8, 47, '2022-11-07 10:27:00', 'P0772211071027.txt', '2022-11-10 16:51:28', '2022-11-10 16:51:28'),
(9, 47, '2022-11-07 10:30:00', 'P0772211071030.txt', '2022-11-10 16:51:28', '2022-11-10 16:51:28'),
(10, 49, '2022-11-08 17:29:00', 'P0792211081729.txt', '2022-11-10 16:51:32', '2022-11-10 16:51:32'),
(11, 22, '2022-11-08 17:29:00', 'P0312211081729.txt', '2022-11-10 16:52:08', '2022-11-10 16:52:08'),
(12, 31, '2022-11-08 17:29:00', 'P0422211081729.txt', '2022-11-10 16:52:36', '2022-11-10 16:52:36'),
(13, 61, '2022-11-08 18:18:00', 'P1002211081818.txt', '2022-11-10 16:53:10', '2022-11-10 16:53:10'),
(14, 61, '2022-11-08 17:29:00', 'P1002211081729.txt', '2022-11-10 16:53:10', '2022-11-10 16:53:10');

-- --------------------------------------------------------

--
-- Estructura de tabla para la tabla `preciosdams`
--

CREATE TABLE `preciosdams` (
  `id` bigint UNSIGNED NOT NULL,
  `id_sap` int UNSIGNED NOT NULL,
  `sku` varchar(255) CHARACTER SET utf8mb3 COLLATE utf8mb3_unicode_ci NOT NULL,
  `precioa` decimal(8,2) NOT NULL,
  `preciob` decimal(8,2) NOT NULL,
  `precioc` decimal(8,2) NOT NULL,
  `preciod` decimal(8,2) NOT NULL,
  `fecha` date NOT NULL,
  `created_at` timestamp NULL DEFAULT NULL,
  `updated_at` timestamp NULL DEFAULT NULL
) ENGINE=InnoDB DEFAULT CHARSET=utf8mb3 COLLATE=utf8mb3_unicode_ci;

-- --------------------------------------------------------

--
-- Estructura de tabla para la tabla `preciostiendas`
--

CREATE TABLE `preciostiendas` (
  `id` bigint UNSIGNED NOT NULL,
  `id_sap` int UNSIGNED NOT NULL,
  `sku` varchar(255) CHARACTER SET utf8mb3 COLLATE utf8mb3_unicode_ci NOT NULL,
  `precioa` decimal(8,2) NOT NULL,
  `preciob` decimal(8,2) NOT NULL,
  `precioc` decimal(8,2) NOT NULL,
  `preciod` decimal(8,2) NOT NULL,
  `created_at` timestamp NULL DEFAULT NULL,
  `updated_at` timestamp NULL DEFAULT NULL
) ENGINE=InnoDB DEFAULT CHARSET=utf8mb3 COLLATE=utf8mb3_unicode_ci;

-- --------------------------------------------------------

--
-- Estructura de tabla para la tabla `tiendas`
--

CREATE TABLE `tiendas` (
  `id` bigint UNSIGNED NOT NULL,
  `id_sap` int UNSIGNED NOT NULL,
  `nombre` varchar(255) CHARACTER SET utf8mb3 COLLATE utf8mb3_unicode_ci NOT NULL,
  `usuarioftp` varchar(255) CHARACTER SET utf8mb3 COLLATE utf8mb3_unicode_ci NOT NULL,
  `passwdftp` varchar(255) CHARACTER SET utf8mb3 COLLATE utf8mb3_unicode_ci NOT NULL,
  `diftotal` int DEFAULT '0',
  `activo` char(1) COLLATE utf8mb3_unicode_ci DEFAULT 'S',
  `created_at` timestamp NULL DEFAULT NULL,
  `updated_at` timestamp NULL DEFAULT NULL
) ENGINE=InnoDB DEFAULT CHARSET=utf8mb3 COLLATE=utf8mb3_unicode_ci;

--
-- Volcado de datos para la tabla `tiendas`
--

INSERT INTO `tiendas` (`id`, `id_sap`, `nombre`, `usuarioftp`, `passwdftp`, `diftotal`, `activo`, `created_at`, `updated_at`) VALUES
(1, 2, 'BODEGAS MAYOREO', 'wftp100', '100wftp?', 37, 'S', NULL, '2022-11-10 16:53:11'),
(2, 3, 'STA. ROSA', 'wftp077', '077wftp?', 36, 'S', NULL, '2022-11-10 16:53:12'),
(3, 4, 'SAN MARTIN', 'wftp081', '081wftp?', 40, 'S', NULL, '2022-11-10 16:53:13'),
(4, 5, 'TEPEACA MAYOREO', 'wftp088', '088wftp?', 41, 'S', NULL, '2022-11-10 16:53:14'),
(5, 6, 'TEPEACA MENUDEO', 'wftp087', '087wftp?', 38, 'S', NULL, '2022-11-10 16:53:15'),
(6, 7, 'MAYORAZGO', 'wftp078', '078wftp?', 54, 'S', NULL, '2022-11-10 16:53:16'),
(7, 8, 'PLAZA PUEBLA (CAPU)', 'wftp079', '079wftp?', 0, 'S', NULL, '2022-11-10 16:53:17'),
(8, 10, 'ABASTOS', 'wftp080', '080wftp?', 0, 'S', NULL, '2022-11-10 16:53:18'),
(9, 11, 'CENTRO', 'wftp098', '098wftp?', 0, 'S', NULL, '2022-11-10 16:53:19'),
(10, 14, 'SANTA ANA CHIAUTEMPAN', 'wftp085', '085wftp?', 0, 'S', NULL, '2022-11-10 16:53:20'),
(11, 15, 'ZACAPOAXTLA', 'wftp109', '109wftp?', 0, 'S', NULL, '2022-11-10 16:53:21'),
(12, 16, 'FORJADORES', 'wftp082', '082wftp?', 0, 'S', NULL, '2022-11-10 16:53:22'),
(13, 18, 'TEHUACAN', 'wftp090', '090wftp?', 0, 'S', NULL, '2022-11-10 16:53:24'),
(14, 21, 'IZUCAR', 'wftp091', '091wftp?', 0, 'S', NULL, '2022-09-29 18:11:09'),
(15, 23, 'TECAMACHALCO', 'wftp092', '092wftp?', 0, 'S', NULL, '2022-11-10 16:51:46'),
(16, 25, 'TEZIUTLAN II', 'wftp106', '106wftp?', 0, 'S', NULL, '2022-11-10 16:51:47'),
(17, 26, 'CARDENAS', 'wftp116', '116wftp?', 0, 'S', NULL, '2022-11-10 16:51:50'),
(18, 27, 'CORDOBA MAYOREO', 'veana104', '104veana?', 0, 'S', NULL, '2022-11-10 16:52:01'),
(19, 28, 'CORDOBA 1', 'wftp093', '093wftp?', 0, 'S', NULL, '2022-11-10 16:52:04'),
(20, 29, 'CORDOBA 2', 'wftp094', '094wftp?', 0, 'S', NULL, '2022-11-10 16:52:06'),
(21, 30, 'OAXACA MAYOREO', 'wftp103', '103wftp?', 0, 'S', NULL, '2022-09-27 23:21:18'),
(22, 31, 'ORIZABA', 'wftp095', '095wftp?', 0, 'S', NULL, '2022-11-10 16:52:08'),
(23, 32, 'TUXTEPEC', 'wftp101', '101wftp?', 0, 'S', NULL, '2022-11-10 16:52:12'),
(24, 33, 'VILLAHERMOSA MAYOREO', 'wftp112', '112wftp?', 0, 'S', NULL, '2022-11-10 16:53:08'),
(25, 34, 'VILLAHERMOSA MENUDEO', 'wftp110', '110wftp?', 0, 'S', NULL, '2022-11-10 16:52:15'),
(26, 35, 'CUERNAVACA', 'wftp089', '089wftp?', 0, 'S', NULL, '2022-11-10 16:52:18'),
(27, 36, 'VERACRUZ', 'wftp096', '096wftp?', 0, 'S', NULL, '2022-11-10 16:52:22'),
(28, 37, 'OAXACA MENUDEO', 'wftp104', '104wftp?', 0, 'S', NULL, '2022-11-10 16:52:26'),
(29, 39, 'COATZACOALCOS', 'wftp107', '107wftp?', 0, 'S', NULL, '2022-11-10 16:52:30'),
(30, 40, 'MINATITLAN', 'wftp108', '108wftp?', 0, 'S', NULL, '2022-11-10 16:52:33'),
(31, 42, 'TUXTLA', 'wftp072', '072wftp?', 0, 'S', NULL, '2022-11-10 16:52:36'),
(32, 43, 'MARTINEZ DE LA TORRE', 'wftp105', '105wftp?', 0, 'S', NULL, '2022-11-10 16:52:38'),
(33, 47, 'TUXTLA MAYOREO', 'wftp118', '118wftp?', 0, 'S', NULL, '2022-11-10 16:52:41'),
(34, 50, 'TIERRA BLANCA', 'wftp102', '102wftp?', 0, 'S', NULL, '2022-11-10 16:53:03'),
(35, 54, 'CHOLULA', 'wftp083', '083wftp?', 0, 'S', NULL, '2022-11-10 16:53:05'),
(36, 57, 'COMALCALCO', 'wftp115', '115wftp?', 0, 'S', NULL, '2022-11-10 16:51:06'),
(37, 61, 'TAPACHULA', 'wftp117', '117wftp?', 0, 'S', NULL, '2022-11-10 16:51:08'),
(38, 64, 'LA MARGARITA', 'wftp084', '084wftp?', 0, 'S', NULL, '2022-11-10 16:51:10'),
(39, 65, 'SANTA ANA CENTRO', 'wftp086', '086wftp?', 0, 'S', NULL, '2022-11-10 16:50:59'),
(40, 67, 'HUIMANGUILLO', 'wftp114', '114wftp?', 0, 'S', NULL, '2022-11-10 16:51:14'),
(41, 69, 'BODEGAS MENUDEO', 'wftp099', '099wftp?', 0, 'S', NULL, '2022-11-10 16:51:15'),
(42, 70, '16 PONIENTE', 'wftp128', '128ftp?', 0, 'S', NULL, '2022-11-10 16:51:18'),
(43, 71, 'ESPECIAL MAYOREO', 'wftp073', '073wftp?', 0, 'S', NULL, '2022-11-10 16:51:22'),
(44, 72, 'VERACRUZ MAYOREO', 'wftp125', '125ftp?', 0, 'S', NULL, '2022-11-10 16:51:23'),
(45, 74, 'ACATZINGO', 'wftp127', '127ftp?', 0, 'S', NULL, '2022-11-10 16:51:26'),
(46, 76, 'CENTRO MAYOREO', 'veana210', '210veana?', 0, 'S', NULL, '2022-09-29 18:10:56'),
(47, 77, 'OAXACA MENUDEO 2', 'veana077', '077veana?', 0, 'S', NULL, '2022-11-10 16:51:28'),
(48, 78, 'SAN MARTIN TEXMELUCAN 2', 'veana101', '101veana?', 0, 'S', NULL, '2022-11-10 16:51:28'),
(49, 79, 'PACHUCA', 'veana100', '100veana?', 0, 'S', NULL, '2022-11-10 16:51:32'),
(50, 80, 'PALENQUE', 'veana102', '102veana?', 0, 'S', NULL, '2022-11-10 16:50:59'),
(51, 81, 'VILLA MADERO', 'veana103', '103veana?', 0, 'S', NULL, '2022-11-10 16:51:35'),
(52, 82, 'AMOZOC', 'veana105', '105veana?', 0, 'S', NULL, '2022-11-10 16:51:37'),
(53, 84, 'DIAZ MIRON', 'wftp151', '151wftp?', 0, 'S', NULL, '2022-11-10 16:51:41'),
(54, 87, 'MIGUEL CABRERA', 'wftp152', '152wftp?', 0, 'S', NULL, '2022-11-10 16:51:44'),
(55, 89, 'TULANCINGO', 'veana201', '201veana?', 0, 'S', NULL, '2022-11-10 16:51:52'),
(57, 96, 'EXPLANADA PUEBLA', 'veana212', '212veana?', 0, 'S', NULL, '2022-11-10 16:51:54'),
(58, 97, 'EXPLANADA PACHUCA', 'veana213', '213veana?', 0, 'S', NULL, '2022-11-10 16:51:57'),
(59, 98, 'PLAZA DORADA', 'veana211', '211veana?', 0, 'S', NULL, '2022-09-29 18:11:16'),
(60, 99, 'MERCADO LIBRE', 'wftp150', '150wftp?', 0, 'S', NULL, '2022-11-10 16:51:00'),
(61, 100, 'ZACATLAN', 'veana214', '214veana?', 0, 'S', NULL, '2022-11-10 16:53:10');

-- --------------------------------------------------------

--
-- Estructura de tabla para la tabla `traspasos`
--

CREATE TABLE `traspasos` (
  `id` bigint UNSIGNED NOT NULL,
  `id_tienda_destino` bigint UNSIGNED NOT NULL,
  `id_tienda_origen` bigint UNSIGNED NOT NULL,
  `fecha` date NOT NULL,
  `folio` int UNSIGNED NOT NULL,
  `archivo` varchar(255) CHARACTER SET utf8mb3 COLLATE utf8mb3_unicode_ci NOT NULL,
  `created_at` timestamp NULL DEFAULT NULL,
  `updated_at` timestamp NULL DEFAULT NULL
) ENGINE=InnoDB DEFAULT CHARSET=utf8mb3 COLLATE=utf8mb3_unicode_ci;

--
-- Volcado de datos para la tabla `traspasos`
--

INSERT INTO `traspasos` (`id`, `id_tienda_destino`, `id_tienda_origen`, `fecha`, `folio`, `archivo`, `created_at`, `updated_at`) VALUES
(1, 2, 9, '2022-11-09', 917, 'T20221109011917.003', '2022-11-10 16:29:58', '2022-11-10 16:29:58'),
(2, 9, 46, '2022-10-18', 378, 'T20221018076378.011', '2022-11-10 16:47:26', '2022-11-10 16:47:26'),
(3, 12, 35, '2022-06-20', 810, 'T20220620054810.016', '2022-11-10 16:47:55', '2022-11-10 16:47:55'),
(4, 54, 47, '2022-10-17', 104, 'T20221017077104.087', '2022-11-10 16:51:44', '2022-11-10 16:51:44'),
(5, 18, 19, '2022-10-18', 905, 'T20221018028905.027', '2022-11-10 16:52:01', '2022-11-10 16:52:01'),
(6, 19, 18, '2022-11-04', 974, 'T20221104027974.028', '2022-11-10 16:52:04', '2022-11-10 16:52:04'),
(7, 20, 19, '2022-10-13', 877, 'T20221013028877.029', '2022-11-10 16:52:06', '2022-11-10 16:52:06'),
(8, 20, 19, '2022-10-21', 926, 'T20221021028926.029', '2022-11-10 16:52:06', '2022-11-10 16:52:06'),
(9, 27, 44, '2022-11-03', 66, 'T20221103072066.036', '2022-11-10 16:52:22', '2022-11-10 16:52:22'),
(10, 24, 25, '2022-10-27', 940, 'T20221027034940.033', '2022-11-10 16:53:07', '2022-11-10 16:53:07'),
(11, 24, 25, '2022-10-27', 939, 'T20221027034939.033', '2022-11-10 16:53:07', '2022-11-10 16:53:07'),
(12, 24, 25, '2022-10-22', 935, 'T20221022034935.033', '2022-11-10 16:53:07', '2022-11-10 16:53:07'),
(13, 24, 25, '2022-11-03', 946, 'T20221103034946.033', '2022-11-10 16:53:07', '2022-11-10 16:53:07'),
(14, 24, 25, '2022-10-22', 936, 'T20221022034936.033', '2022-11-10 16:53:07', '2022-11-10 16:53:07');

-- --------------------------------------------------------

--
-- Estructura de tabla para la tabla `users`
--

CREATE TABLE `users` (
  `id` bigint UNSIGNED NOT NULL,
  `name` varchar(255) CHARACTER SET utf8mb3 COLLATE utf8mb3_unicode_ci NOT NULL,
  `email` varchar(255) CHARACTER SET utf8mb3 COLLATE utf8mb3_unicode_ci NOT NULL,
  `email_verified_at` timestamp NULL DEFAULT NULL,
  `password` varchar(255) CHARACTER SET utf8mb3 COLLATE utf8mb3_unicode_ci NOT NULL,
  `remember_token` varchar(100) CHARACTER SET utf8mb3 COLLATE utf8mb3_unicode_ci DEFAULT NULL,
  `created_at` timestamp NULL DEFAULT NULL,
  `updated_at` timestamp NULL DEFAULT NULL
) ENGINE=InnoDB DEFAULT CHARSET=utf8mb3 COLLATE=utf8mb3_unicode_ci;

--
-- Volcado de datos para la tabla `users`
--

INSERT INTO `users` (`id`, `name`, `email`, `email_verified_at`, `password`, `remember_token`, `created_at`, `updated_at`) VALUES
(1, 'Jacinto', 'jacintoc@veana.com', NULL, '$2y$10$Ls/QsoKnpokbMkYgqUDsVu/POmDoUdKEBXct1V3Qh3.w.jPHmY4Rq', 'bNOQMmVQhX1geGJ2tO75ARmtHoZllBXJ9ZWRw3YwunJAd9hrzR6nJKSSKISW', '2022-09-23 21:47:39', '2022-09-23 21:47:39'),
(2, 'Juan', 'juanj@veana.com', NULL, '$2y$10$Hb..shbPVIQvyNgQ/WerKuhE4HebQ0ONu2B1n0Dp3z6TEQ9JBAOEu', 'lTmfOp71HnO4s3l20h7XexDzr99A8TYg1lSxSvJ6AJp78Bq0oIvjNIkQvHky', '2022-09-27 18:08:17', '2022-09-27 18:08:17'),
(3, 'Cruz Francisco', 'cruzm@veana.com', NULL, '$2y$10$7K7CROogkopFAwxXv.qWIe/1bLM5crObgCqu7Q0RR4qk8MKZ8IM3K', 'voXjs7GCTwtRczbz0OHcmjMM0sTuXLZDH8THfVEnHm5uw8VBCecm6Stw5RAC', '2022-09-28 23:49:27', '2022-09-28 23:49:27'),
(4, 'Juan Manuel', 'juanr@veana.com', NULL, '$2y$10$vnE35fkz19mxOd8q9OqHZeArclETAWCyRbuzcE8rmvSnzMz0jPOeW', 'JSSuhEPu5zuxH1q3QWtWNtcxj4aAolC7TfCjbYun3ukTRDUJb4XP4fqkIobu', '2022-09-28 23:52:17', '2022-09-28 23:52:17'),
(5, 'Uriel', 'urielz@veana.com', NULL, '$2y$10$.r3TmZvkewLKfMmeQTCfTu.z0AJzqQ98lkJlAZfLqM5MgqW6RhrXa', 'dZ0j1SY7uBP0vUodaUwQk5wrZq0EjUJdItq0BLcxoPRASEkFm2OMcDdK3Yjs', '2022-09-28 23:54:36', '2022-09-28 23:54:36'),
(6, 'Javier Samuel', 'javierr@veana.com', NULL, '$2y$10$rm.KSYfvgYDDmM.yz8IbP.0wuV2a4oZSCjMgTBo9nRgEZN8fYlTV.', '8uFxi5yov3MKkW9pn8aiv8hqZIWubyPyvItR8dIpAfAnTpsv34EJqbzlKuBR', '2022-09-28 23:55:27', '2022-09-28 23:55:27'),
(7, 'Gilberto', 'gilbertom@veana.com', NULL, '$2y$10$2fWOQFoltKnFbAy8V9YmveKG362qypbikBDTA2mMFH.1mx75mD19i', 'qDG1UIeHP9PUzdOp1jZ3q4VyrAItb3iuyvDEkeH8SDpYtnPvdEH5Tg4w8Hqn', '2022-09-28 23:57:34', '2022-09-28 23:57:34'),
(8, 'Luis Fernando', 'luisd@veana.com', NULL, '$2y$10$Z4dCQFFPIzYSJDrK9bCu9uIRQ9P5auUKzF3Apo9otPlgsEpXnkco6', 'vRYKzKipil4BgP5bXtGRkwVmhy98mNYQXULOTuKdziT56vAwiHzKcGIRRjyk', '2022-09-28 23:59:29', '2022-09-28 23:59:29'),
(9, 'José Daniel', 'josec@veana.com', NULL, '$2y$10$co.RKAZoHK8wFceMIA3jLOeOVBfoSH9n4wSVJE7Oo72/4tHIvoZge', 'fQwtx3uMdrGOnprRIlmRiSS2g0T6PK9nEkNwaFzXXJOYwq243pFkTd7jwzCB', '2022-09-29 00:02:39', '2022-09-29 00:02:39'),
(11, 'Tania Ivonne', 'taniar@veana.mx', NULL, '$2y$10$6p1CyCp0uvrr4t8cadwt1.ni/lnbkvp7sr1EyGsPzctAhxRPb4s.q', 'KfKJswTXzRuGFrzJJNRwE1ArICfThqDAVwaYwpOPTvtrSMmRfZ6gmiyz6zBH', '2022-09-29 00:08:58', '2022-09-29 00:08:58'),
(12, 'Guadalupe', 'guadalupem@veana.com', NULL, '$2y$10$HkdztYjw4WdmvEiYkgg33ujk5dPszKrldGvhaaGHDxrf1P6k5WsKW', 'JQTXEfqR21W5BIJJPUc3BS9RHirD8Cq0d5t7EdSoI6tVyoqijCagq4TVGLuV', '2022-09-29 00:11:59', '2022-09-29 00:11:59'),
(13, 'Luis Pablo Martínez Cortés', 'luism@veana.com', NULL, '$2y$10$YUozwZwN5RsBudjt92q7VuKdQMchHbL8Xu3oTPeVbsq/EHbRbrnrS', 'zYo4z0yT8GyFYB4yq4ERASbSK6DiR7gAuXqjaaGZB1la8mGrrz7hgAE37BzS', '2022-10-26 23:22:16', '2022-10-26 23:22:16'),
(14, 'Felipe Neri', 'felipem@veana.com', NULL, '$2y$10$9u7eFueH/.m3ribWhARnfuKZxgGS.QDiI78f42oZS.GZzTJXlOdSq', NULL, '2022-10-26 23:40:37', '2022-10-26 23:40:37');

--
-- Índices para tablas volcadas
--

--
-- Indices de la tabla `dams`
--
ALTER TABLE `dams`
  ADD PRIMARY KEY (`id`);

--
-- Indices de la tabla `devoluciones`
--
ALTER TABLE `devoluciones`
  ADD PRIMARY KEY (`id`),
  ADD KEY `devoluciones_id_tienda_foreign` (`id_tienda`);

--
-- Indices de la tabla `embarquemateriales`
--
ALTER TABLE `embarquemateriales`
  ADD PRIMARY KEY (`id`),
  ADD KEY `embarquemateriales_id_tienda_foreign` (`id_tienda`);

--
-- Indices de la tabla `embarquemercancias`
--
ALTER TABLE `embarquemercancias`
  ADD PRIMARY KEY (`id`),
  ADD KEY `embarquemercancias_id_tienda_foreign` (`id_tienda`);

--
-- Indices de la tabla `failed_jobs`
--
ALTER TABLE `failed_jobs`
  ADD PRIMARY KEY (`id`),
  ADD UNIQUE KEY `failed_jobs_uuid_unique` (`uuid`);

--
-- Indices de la tabla `migrations`
--
ALTER TABLE `migrations`
  ADD PRIMARY KEY (`id`);

--
-- Indices de la tabla `password_resets`
--
ALTER TABLE `password_resets`
  ADD KEY `password_resets_email_index` (`email`);

--
-- Indices de la tabla `personal_access_tokens`
--
ALTER TABLE `personal_access_tokens`
  ADD PRIMARY KEY (`id`),
  ADD UNIQUE KEY `personal_access_tokens_token_unique` (`token`),
  ADD KEY `personal_access_tokens_tokenable_type_tokenable_id_index` (`tokenable_type`,`tokenable_id`);

--
-- Indices de la tabla `personas`
--
ALTER TABLE `personas`
  ADD PRIMARY KEY (`id`);

--
-- Indices de la tabla `precios`
--
ALTER TABLE `precios`
  ADD PRIMARY KEY (`id`),
  ADD KEY `precios_id_tienda_foreign` (`id_tienda`);

--
-- Indices de la tabla `preciosdams`
--
--ALTER TABLE `preciosdams`
--  ADD PRIMARY KEY (`id`),
--  ADD KEY `preciosdams_id_sap_foreign` (`id_sap`);

--
-- Indices de la tabla `preciostiendas`
--
--ALTER TABLE `preciostiendas`
--  ADD PRIMARY KEY (`id`),
--  ADD KEY `preciostiendas_id_sap_foreign` (`id_sap`);

--
-- Indices de la tabla `tiendas`
--
ALTER TABLE `tiendas`
  ADD PRIMARY KEY (`id`),
  ADD UNIQUE KEY `tiendas_id_sap_unique` (`id_sap`);

--
-- Indices de la tabla `traspasos`
--
ALTER TABLE `traspasos`
  ADD PRIMARY KEY (`id`),
  ADD KEY `traspasos_id_tienda_destino_foreign` (`id_tienda_destino`),
  ADD KEY `traspasos_id_tienda_origen_foreign` (`id_tienda_origen`);

--
-- Indices de la tabla `users`
--
ALTER TABLE `users`
  ADD PRIMARY KEY (`id`),
  ADD UNIQUE KEY `users_email_unique` (`email`);

--
-- AUTO_INCREMENT de las tablas volcadas
--

--
-- AUTO_INCREMENT de la tabla `dams`
--
ALTER TABLE `dams`
  MODIFY `id` bigint UNSIGNED NOT NULL AUTO_INCREMENT;

--
-- AUTO_INCREMENT de la tabla `devoluciones`
--
ALTER TABLE `devoluciones`
  MODIFY `id` bigint UNSIGNED NOT NULL AUTO_INCREMENT, AUTO_INCREMENT=191;

--
-- AUTO_INCREMENT de la tabla `embarquemateriales`
--
ALTER TABLE `embarquemateriales`
  MODIFY `id` bigint UNSIGNED NOT NULL AUTO_INCREMENT, AUTO_INCREMENT=16;

--
-- AUTO_INCREMENT de la tabla `embarquemercancias`
--
ALTER TABLE `embarquemercancias`
  MODIFY `id` bigint UNSIGNED NOT NULL AUTO_INCREMENT, AUTO_INCREMENT=256;

--
-- AUTO_INCREMENT de la tabla `failed_jobs`
--
ALTER TABLE `failed_jobs`
  MODIFY `id` bigint UNSIGNED NOT NULL AUTO_INCREMENT;

--
-- AUTO_INCREMENT de la tabla `migrations`
--
ALTER TABLE `migrations`
  MODIFY `id` int UNSIGNED NOT NULL AUTO_INCREMENT, AUTO_INCREMENT=28;

--
-- AUTO_INCREMENT de la tabla `personal_access_tokens`
--
ALTER TABLE `personal_access_tokens`
  MODIFY `id` bigint UNSIGNED NOT NULL AUTO_INCREMENT;

--
-- AUTO_INCREMENT de la tabla `personas`
--
ALTER TABLE `personas`
  MODIFY `id` bigint UNSIGNED NOT NULL AUTO_INCREMENT;

--
-- AUTO_INCREMENT de la tabla `precios`
--
ALTER TABLE `precios`
  MODIFY `id` bigint UNSIGNED NOT NULL AUTO_INCREMENT, AUTO_INCREMENT=15;

--
-- AUTO_INCREMENT de la tabla `preciosdams`
--
ALTER TABLE `preciosdams`
  MODIFY `id` bigint UNSIGNED NOT NULL AUTO_INCREMENT;

--
-- AUTO_INCREMENT de la tabla `preciostiendas`
--
ALTER TABLE `preciostiendas`
  MODIFY `id` bigint UNSIGNED NOT NULL AUTO_INCREMENT;

--
-- AUTO_INCREMENT de la tabla `tiendas`
--
ALTER TABLE `tiendas`
  MODIFY `id` bigint UNSIGNED NOT NULL AUTO_INCREMENT, AUTO_INCREMENT=62;

--
-- AUTO_INCREMENT de la tabla `traspasos`
--
ALTER TABLE `traspasos`
  MODIFY `id` bigint UNSIGNED NOT NULL AUTO_INCREMENT, AUTO_INCREMENT=15;

--
-- AUTO_INCREMENT de la tabla `users`
--
ALTER TABLE `users`
  MODIFY `id` bigint UNSIGNED NOT NULL AUTO_INCREMENT, AUTO_INCREMENT=15;

--
-- Restricciones para tablas volcadas
--

--
-- Filtros para la tabla `devoluciones`
--
ALTER TABLE `devoluciones`
  ADD CONSTRAINT `devoluciones_id_tienda_foreign` FOREIGN KEY (`id_tienda`) REFERENCES `tiendas` (`id`) ON DELETE CASCADE;

--
-- Filtros para la tabla `embarquemateriales`
--
ALTER TABLE `embarquemateriales`
  ADD CONSTRAINT `embarquemateriales_id_tienda_foreign` FOREIGN KEY (`id_tienda`) REFERENCES `tiendas` (`id`) ON DELETE CASCADE;

--
-- Filtros para la tabla `embarquemercancias`
--
ALTER TABLE `embarquemercancias`
  ADD CONSTRAINT `embarquemercancias_id_tienda_foreign` FOREIGN KEY (`id_tienda`) REFERENCES `tiendas` (`id`) ON DELETE CASCADE;

--
-- Filtros para la tabla `precios`
--
ALTER TABLE `precios`
  ADD CONSTRAINT `precios_id_tienda_foreign` FOREIGN KEY (`id_tienda`) REFERENCES `tiendas` (`id`) ON DELETE CASCADE;

--
-- Filtros para la tabla `preciosdams`
--
ALTER TABLE `preciosdams`
  ADD CONSTRAINT `preciosdams_id_sap_foreign` FOREIGN KEY (`id_sap`) REFERENCES `tiendas` (`id_sap`) ON DELETE CASCADE;

--
-- Filtros para la tabla `preciostiendas`
--
ALTER TABLE `preciostiendas`
  ADD CONSTRAINT `preciostiendas_id_sap_foreign` FOREIGN KEY (`id_sap`) REFERENCES `tiendas` (`id_sap`) ON DELETE CASCADE;

--
-- Filtros para la tabla `traspasos`
--
ALTER TABLE `traspasos`
  ADD CONSTRAINT `traspasos_id_tienda_destino_foreign` FOREIGN KEY (`id_tienda_destino`) REFERENCES `tiendas` (`id`) ON DELETE CASCADE,
  ADD CONSTRAINT `traspasos_id_tienda_origen_foreign` FOREIGN KEY (`id_tienda_origen`) REFERENCES `tiendas` (`id`) ON DELETE CASCADE;
COMMIT;

/*!40101 SET CHARACTER_SET_CLIENT=@OLD_CHARACTER_SET_CLIENT */;
/*!40101 SET CHARACTER_SET_RESULTS=@OLD_CHARACTER_SET_RESULTS */;
/*!40101 SET COLLATION_CONNECTION=@OLD_COLLATION_CONNECTION */;
